Workbook

Sheet report
A1: age | B1: 2017 | C1: 2018 | D1: 2019 | E1: 2020 | F1: 2021 | G1: 2022 | H1: 2023
A2: 0 | B2: 1793 | C2: 1867 | D2: 2228 | E2: 1284 | F2: 2052 | G2: 2593 | H2: 1795
A3: 1 | B3: 1975 | C3: 1804 | D3: 2246 | E3: 1546 | F3: 2777 | G3: 3457 | H3: 2404
A4: 2 | B4: 1794 | C4: 1612 | D4: 2108 | E4: 1296 | F4: 2714 | G4: 3596 | H4: 2491
A5: 3 | B5: 2028 | C5: 1212 | D5: 1872 | E5: 1296 | F5: 2718 | G5: 3027 | H5: 2499
A6: 4 | B6: 2109 | C6: 1362 | D6: 1827 | E6: 1311 | F6: 2745 | G6: 3036 | H6: 2530
A7: 5 | B7: 2283 | C7: 1321 | D7: 1840 | E7: 1373 | F7: 2915 | G7: 3133 | H7: 2452
A8: 6 | B8: 2415 | C8: 1468 | D8: 2271 | E8: 1526 | F8: 3244 | G8: 3104 | H8: 2453
A9: 7 | B9: 1995 | C9: 1266 | D9: 1856 | E9: 1524 | F9: 3055 | G9: 2932 | H9: 2561
A10: 8 | B10: 1883 | C10: 1113 | D10: 1727 | E10: 1126 | F10: 2855 | G10: 2599 | H10: 2338
A11: 9 | B11: 1989 | C11: 1312 | D11: 2008 | E11: 1134 | F11: 2770 | G11: 2417 | H11: 2348
A12: 10 | B12: 1907 | C12: 1208 | D12: 2000 | E12: 1247 | F12: 2865 | G12: 2559 | H12: 2154
A13: 11 | B13: 1587 | C13: 1282 | D13: 1941 | E13: 1378 | F13: 2714 | G13: 2351 | H13: 2243
... A81: 79 | B81: 273 | C81: 135 | D81: 426 | E81: 134 | F81: 375 | G81: -172 | H81: 123
A82: overall | B82: =SUM(B2:B81) -> 211351 | C82: =SUM(C2:C81) -> 125270 | D82: =SUM(D2:D81) -> 282895 | E82: =SUM(E2:E81) -> 105603 | F82: =SUM(F2:F81) -> 427610 | G82: =SUM(G2:G81) -> 63398 | H82: =SUM(H2:H81) -> 109799

Sheet rate
A1: age | B1: 2017 | C1: 2018 | D1: 2019 | E1: 2020 | F1: 2021 | G1: 2022 | H1: 2023 | I1: average
A2: 0 | B2: =report!B2/report!B$82 -> 0.0084835179 | C2: =report!C2/report!C$82 -> 0.014903808 | D2: =report!D2/report!D$82 -> 0.0078757136 | E2: =report!E2/report!E$82 -> 0.012158745 | F2: =report!F2/report!F$82 -> 0.0047987652 | G2: =report!G2/report!G$82 -> 0.040900344 | H2: =report!H2/report!H$82 -> 0.016348054 | I2: =AVERAGE(B2:H2) -> 0.015066993
A3: 1 | B3: =report!B3/report!B$82 -> 0.0093446447 | C3: =report!C3/report!C$82 -> 0.014400894 | D3: =report!D3/report!D$82 -> 0.0079393415 | E3: =report!E3/report!E$82 -> 0.014639736 | F3: =report!F3/report!F$82 -> 0.0064942354 | G3: =report!G3/report!G$82 -> 0.054528534 | H3: =report!H3/report!H$82 -> 0.021894553 | I3: =AVERAGE(B3:H3) -> 0.018463134
A4: 2 | B4: =report!B4/report!B$82 -> 0.0084882494 | C4: =report!C4/report!C$82 -> 0.012868205 | D4: =report!D4/report!D$82 -> 0.007451528 | E4: =report!E4/report!E$82 -> 0.012272379 | F4: =report!F4/report!F$82 -> 0.0063469049 | G4: =report!G4/report!G$82 -> 0.056721032 | H4: =report!H4/report!H$82 -> 0.02268691 | I4: =AVERAGE(B4:H4) -> 0.018119315
A5: 3 | B5: =report!B5/report!B$82 -> 0.0095954124 | C5: =report!C5/report!C$82 -> 0.0096751018 | D5: =report!D5/report!D$82 -> 0.0066172962 | E5: =report!E5/report!E$82 -> 0.012272379 | F5: =report!F5/report!F$82 -> 0.0063562592 | G5: =report!G5/report!G$82 -> 0.047745986 | H5: =report!H5/report!H$82 -> 0.02275977 | I5: =AVERAGE(B5:H5) -> 0.016431743
A6: 4 | B6: =report!B6/report!B$82 -> 0.0099786611 | C6: =report!C6/report!C$82 -> 0.010872515 | D6: =report!D6/report!D$82 -> 0.0064582266 | E6: =report!E6/report!E$82 -> 0.01241442 | F6: =report!F6/report!F$82 -> 0.0064194009 | G6: =report!G6/report!G$82 -> 0.047887946 | H6: =report!H6/report!H$82 -> 0.023042104 | I6: =AVERAGE(B6:H6) -> 0.016724753
A7: 5 | B7: =report!B7/report!B$82 -> 0.010801936 | C7: =report!C7/report!C$82 -> 0.010545222 | D7: =report!D7/report!D$82 -> 0.00650418 | E7: =report!E7/report!E$82 -> 0.013001525 | F7: =report!F7/report!F$82 -> 0.0068169594 | G7: =report!G7/report!G$82 -> 0.049417963 | H7: =report!H7/report!H$82 -> 0.022331715 | I7: =AVERAGE(B7:H7) -> 0.017059929
A8: 6 | B8: =report!B8/report!B$82 -> 0.01142649 | C8: =report!C8/report!C$82 -> 0.011718688 | D8: =report!D8/report!D$82 -> 0.0080277135 | E8: =report!E8/report!E$82 -> 0.014450347 | F8: =report!F8/report!F$82 -> 0.007586352 | G8: =report!G8/report!G$82 -> 0.048960535 | H8: =report!H8/report!H$82 -> 0.022340823 | I8: =AVERAGE(B8:H8) -> 0.017787278
A9: 7 | B9: =report!B9/report!B$82 -> 0.009439274 | C9: =report!C9/report!C$82 -> 0.010106171 | D9: =report!D9/report!D$82 -> 0.0065607381 | E9: =report!E9/report!E$82 -> 0.014431408 | F9: =report!F9/report!F$82 -> 0.0071443605 | G9: =report!G9/report!G$82 -> 0.046247516 | H9: =report!H9/report!H$82 -> 0.023324438 | I9: =AVERAGE(B9:H9) -> 0.016750558
A10: 8 | B10: =report!B10/report!B$82 -> 0.0089093498 | C10: =report!C10/report!C$82 -> 0.0088848088 | D10: =report!D10/report!D$82 -> 0.0061047385 | E10: =report!E10/report!E$82 -> 0.010662576 | F10: =report!F10/report!F$82 -> 0.0066766446 | G10: =report!G10/report!G$82 -> 0.040994984 | H10: =report!H10/report!H$82 -> 0.021293454 | I10: =AVERAGE(B10:H10) -> 0.014789508
A11: 9 | B11: =report!B11/report!B$82 -> 0.0094108852 | C11: =report!C11/report!C$82 -> 0.010473378 | D11: =report!D11/report!D$82 -> 0.0070980399 | E11: =report!E11/report!E$82 -> 0.010738331 | F11: =report!F11/report!F$82 -> 0.0064778653 | G11: =report!G11/report!G$82 -> 0.038124231 | H11: =report!H11/report!H$82 -> 0.02138453 | I11: =AVERAGE(B11:H11) -> 0.014815323
A12: 10 | B12: =report!B12/report!B$82 -> 0.009022905 | C12: =report!C12/report!C$82 -> 0.0096431708 | D12: =report!D12/report!D$82 -> 0.0070697609 | E12: =report!E12/report!E$82 -> 0.011808377 | F12: =report!F12/report!F$82 -> 0.0067000304 | G12: =report!G12/report!G$82 -> 0.040364049 | H12: =report!H12/report!H$82 -> 0.019617665 | I12: =AVERAGE(B12:H12) -> 0.014889423
A13: 11 | B13: =report!B13/report!B$82 -> 0.007508836 | C13: =report!C13/report!C$82 -> 0.010233895 | D13: =report!D13/report!D$82 -> 0.0068612029 | E13: =report!E13/report!E$82 -> 0.013048872 | F13: =report!F13/report!F$82 -> 0.0063469049 | G13: =report!G13/report!G$82 -> 0.037083189 | H13: =report!H13/report!H$82 -> 0.020428237 | I13: =AVERAGE(B13:H13) -> 0.014501591
... A81: 79 | B81: =report!B81/report!B$82 -> 0.0012916901 | C81: =report!C81/report!C$82 -> 0.0010776722 | D81: =report!D81/report!D$82 -> 0.0015058591 | E81: =report!E81/report!E$82 -> 0.0012689033 | F81: =report!F81/report!F$82 -> 0.00087696733 | G81: =report!G81/report!G$82 -> -0.0027130193 | H81: =report!H81/report!H$82 -> 0.0011202288 | I81: =AVERAGE(B81:H81) -> 0.00063261451
A82: 80 | B82: 0 | C82: 0 | D82: 0 | E82: 0 | F82: 0 | G82: 0 | H82: 0 | I82: 0
A83: 81 | B83: 0 | C83: 0 | D83: 0 | E83: 0 | F83: 0 | G83: 0 | H83: 0 | I83: 0
A84: 82 | B84: 0 | C84: 0 | D84: 0 | E84: 0 | F84: 0 | G84: 0 | H84: 0 | I84: 0
A85: 83 | B85: 0 | C85: 0 | D85: 0 | E85: 0 | F85: 0 | G85: 0 | H85: 0 | I85: 0
A86: 84 | B86: 0 | C86: 0 | D86: 0 | E86: 0 | F86: 0 | G86: 0 | H86: 0 | I86: 0
A87: 85 | B87: 0 | C87: 0 | D87: 0 | E87: 0 | F87: 0 | G87: 0 | H87: 0 | I87: 0
A88: 86 | B88: 0 | C88: 0 | D88: 0 | E88: 0 | F88: 0 | G88: 0 | H88: 0 | I88: 0
A89: 87 | B89: 0 | C89: 0 | D89: 0 | E89: 0 | F89: 0 | G89: 0 | H89: 0 | I89: 0
A90: 88 | B90: 0 | C90: 0 | D90: 0 | E90: 0 | F90: 0 | G90: 0 | H90: 0 | I90: 0
A91: 89 | B91: 0 | C91: 0 | D91: 0 | E91: 0 | F91: 0 | G91: 0 | H91: 0 | I91: 0
A92: 90 | B92: 0 | C92: 0 | D92: 0 | E92: 0 | F92: 0 | G92: 0 | H92: 0 | I92: 0
A93: 91 | B93: 0 | C93: 0 | D93: 0 | E93: 0 | F93: 0 | G93: 0 | H93: 0 | I93: 0
... A102: 100 | B102: 0 | C102: 0 | D102: 0 | E102: 0 | F102: 0 | G102: 0 | H102: 0 | I102: 0

Sheet rate_horizontal
A1: Transposed: | B1: 0 | C1: 1 | D1: 2 | E1: 3 | F1: 4 | G1: 5 | H1: 6 | I1: 7 | J1: 8 | K1: 9 | L1: 10 | M1: 11 | N1: 12 | O1: 13 | P1: 14 | Q1: 15 | R1: 16 | S1: 17 | T1: 18 | U1: 19 | V1: 20 | W1: 21 | X1: 22 | Y1: 23 | Z1: 24 | AA1: 25 | AB1: 26 | AC1: 27 | AD1: 28 | AE1: 29 | AF1: 30 | AG1: 31 | AH1: 32 | AI1: 33 | AJ1: 34 | AK1: 35 | AL1: 36 | AM1: 37 | AN1: 38 | AO1: 39 | AP1: 40 | AQ1: 41 | AR1: 42 | AS1: 43 | AT1: 44 | AU1: 45 | AV1: 46 | AW1: 47 | AX1: 48 | AY1: 49 | AZ1: 50 | BA1: 51 | BB1: 52 | BC1: 53 | BD1: 54 | BE1: 55 | BF1: 56 | BG1: 57 | BH1: 58 | BI1: 59 | BJ1: 60 | BK1: 61 | BL1: 62 | BM1: 63 | BN1: 64 | BO1: 65 | BP1: 66 | BQ1: 67 | BR1: 68 | BS1: 69 | BT1: 70 | BU1: 71 | BV1: 72 | BW1: 73 | BX1: 74 | BY1: 75 | BZ1: 76 | CA1: 77 | CB1: 78 | CC1: 79
A2: average | B2: 0.015066993 | C2: 0.018463134 | D2: 0.018119315 | E2: 0.016431743 | F2: 0.016724753 | G2: 0.017059929 | H2: 0.017787278 | I2: 0.016750558 | J2: 0.014789508 | K2: 0.014815323 | L2: 0.014889423 | M2: 0.014501591 | N2: 0.01364529 | O2: 0.013252499 | P2: 0.017290939 | Q2: 0.014478935 | R2: 0.014285951 | S2: 0.018223626 | T2: 0.036090435 | U2: 0.03170646 | V2: 0.020154466 | W2: 0.0067978164 | X2: 0.0081048437 | Y2: 0.0076076236 | Z2: 0.0095375312 | AA2: 0.011308758 | AB2: 0.01426114 | AC2: 0.021507257 | AD2: 0.02030026 | AE2: 0.017791559 | AF2: 0.017211577 | AG2: 0.019438672 | AH2: 0.019252341 | AI2: 0.018395907 | AJ2: 0.018674907 | AK2: 0.017444222 | AL2: 0.01792113 | AM2: 0.016562781 | AN2: 0.015858361 | AO2: 0.012815088 | AP2: 0.013115518 | AQ2: 0.011287548 | AR2: 0.012568638 | AS2: 0.011256118 | AT2: 0.0097480593 | AU2: 0.013684182 | AV2: 0.010523642 | AW2: 0.010038811 | AX2: 0.0096142331 | AY2: 0.0092160132 | AZ2: 0.008961819 | BA2: 0.0092072954 | BB2: 0.0094996106 | BC2: 0.0093060351 | BD2: 0.0107641 | BE2: 0.011509961 | BF2: 0.011038853 | BG2: 0.01055905 | BH2: 0.010033067 | BI2: 0.011126874 | BJ2: 0.012838241 | BK2: 0.011953203 | BL2: 0.010620206 | BM2: 0.010291327 | BN2: 0.009893307 | BO2: 0.0098247851 | BP2: 0.0084489025 | BQ2: 0.0073325177 | BR2: 0.0069870538 | BS2: 0.0055722537 | BT2: 0.0050726797 | BU2: 0.0049873749 | BV2: 0.0043675143 | BW2: 0.0037681502 | BX2: 0.0023478687 | BY2: 0.0022168552 | BZ2: 0.0021571818 | CA2: 0.001078034 | CB2: 0.0012305791 | CC2: 0.00063261451

Sheet migration
A1: Year | B1: Net Number of Migrants (thousands)
A2: 2024 | B2: -178.042
A3: 2025 | B3: -251.822
A4: 2026 | B4: 324.924
A5: 2027 | B5: 302.018
A6: 2028 | B6: 310.835
A7: 2029 | B7: 309.346
A8: 2030 | B8: 305.075
A9: 2031 | B9: 280.982
A10: 2032 | B10: 305.562
A11: 2033 | B11: 311.579
A12: 2034 | B12: 313.09
A13: 2035 | B13: 315.953
... A78: 2100 | B78: 273.559

Sheet age migration
A1: Year | B1: 0 | C1: 1 | D1: 2 | E1: 3 | F1: 4 | G1: 5 | H1: 6 | I1: 7 | J1: 8 | K1: 9 | L1: 10 | M1: 11 | N1: 12 | O1: 13 | P1: 14 | Q1: 15 | R1: 16 | S1: 17 | T1: 18 | U1: 19 | V1: 20 | W1: 21 | X1: 22 | Y1: 23 | Z1: 24 | AA1: 25 | AB1: 26 | AC1: 27 | AD1: 28 | AE1: 29 | AF1: 30 | AG1: 31 | AH1: 32 | AI1: 33 | AJ1: 34 | AK1: 35 | AL1: 36 | AM1: 37 | AN1: 38 | AO1: 39 | AP1: 40 | AQ1: 41 | AR1: 42 | AS1: 43 | AT1: 44 | AU1: 45 | AV1: 46 | AW1: 47 | AX1: 48 | AY1: 49 | AZ1: 50 | BA1: 51 | BB1: 52 | BC1: 53 | BD1: 54 | BE1: 55 | BF1: 56 | BG1: 57 | BH1: 58 | BI1: 59 | BJ1: 60 | BK1: 61 | BL1: 62 | BM1: 63 | BN1: 64 | BO1: 65 | BP1: 66 | BQ1: 67 | BR1: 68 | BS1: 69 | BT1: 70 | BU1: 71 | BV1: 72 | BW1: 73 | BX1: 74 | BY1: 75 | BZ1: 76 | CA1: 77 | CB1: 78 | CC1: 79 | CD1: 80 | CE1: 81 | CF1: 82 | CG1: 83 | CH1: 84 | CI1: 85 | CJ1: 86 | CK1: 87 | CL1: 88 | CM1: 89 | CN1: 90 | CO1: 91 | CP1: 92 | CQ1: 93 | CR1: 94 | CS1: 95 | CT1: 96 | CU1: 97 | CV1: 98 | CW1: 99 | CX1: 100
A2: 2024 | B2: =migration!$B2 * rate_horizontal!B$2 -> -2.6825575 | C2: =migration!$B2 * rate_horizontal!C$2 -> -3.2872133 | D2: =migration!$B2 * rate_horizontal!D$2 -> -3.2259991 | E2: =migration!$B2 * rate_horizontal!E$2 -> -2.9255405 | F2: =migration!$B2 * rate_horizontal!F$2 -> -2.9777086 | G2: =migration!$B2 * rate_horizontal!G$2 -> -3.0373838 | H2: =migration!$B2 * rate_horizontal!H$2 -> -3.1668826 | I2: =migration!$B2 * rate_horizontal!I$2 -> -2.9823028 | ... CC2: =migration!$B2 * rate_horizontal!CC$2 -> -0.11263195 | CD2: 0 | CE2: 0 | CF2: 0 | CG2: 0 | CH2: 0 | CI2: 0 | CJ2: 0 | CK2: 0 | CL2: 0 | CM2: 0 | CN2: 0 | CO2: 0 | CP2: 0 | CQ2: 0 | CR2: 0 | CS2: 0 | CT2: 0 | CU2: 0 | CV2: 0 | CW2: 0 | CX2: 0
A3: 2025 | B3: =migration!$B3 * rate_horizontal!B$2 -> -3.7942002 | C3: =migration!$B3 * rate_horizontal!C$2 -> -4.6494233 | D3: =migration!$B3 * rate_horizontal!D$2 -> -4.5628422 | E3: =migration!$B3 * rate_horizontal!E$2 -> -4.1378745 | F3: =migration!$B3 * rate_horizontal!F$2 -> -4.2116609 | G3: =migration!$B3 * rate_horizontal!G$2 -> -4.2960653 | H3: =migration!$B3 * rate_horizontal!H$2 -> -4.479228 | I3: =migration!$B3 * rate_horizontal!I$2 -> -4.218159 | ... CC3: =migration!$B3 * rate_horizontal!CC$2 -> -0.15930625 | CD3: 0 | CE3: 0 | CF3: 0 | CG3: 0 | CH3: 0 | CI3: 0 | CJ3: 0 | CK3: 0 | CL3: 0 | CM3: 0 | CN3: 0 | CO3: 0 | CP3: 0 | CQ3: 0 | CR3: 0 | CS3: 0 | CT3: 0 | CU3: 0 | CV3: 0 | CW3: 0 | CX3: 0
A4: 2026 | B4: =migration!$B4 * rate_horizontal!B$2 -> 4.8956275 | C4: =migration!$B4 * rate_horizontal!C$2 -> 5.9991154 | D4: =migration!$B4 * rate_horizontal!D$2 -> 5.8874004 | E4: =migration!$B4 * rate_horizontal!E$2 -> 5.3390678 | F4: =migration!$B4 * rate_horizontal!F$2 -> 5.4342738 | G4: =migration!$B4 * rate_horizontal!G$2 -> 5.5431802 | H4: =migration!$B4 * rate_horizontal!H$2 -> 5.7795136 | I4: =migration!$B4 * rate_horizontal!I$2 -> 5.4426583 | ... CC4: =migration!$B4 * rate_horizontal!CC$2 -> 0.20555164 | CD4: 0 | CE4: 0 | CF4: 0 | CG4: 0 | CH4: 0 | CI4: 0 | CJ4: 0 | CK4: 0 | CL4: 0 | CM4: 0 | CN4: 0 | CO4: 0 | CP4: 0 | CQ4: 0 | CR4: 0 | CS4: 0 | CT4: 0 | CU4: 0 | CV4: 0 | CW4: 0 | CX4: 0
A5: 2027 | B5: =migration!$B5 * rate_horizontal!B$2 -> 4.550503 | C5: =migration!$B5 * rate_horizontal!C$2 -> 5.5761988 | D5: =migration!$B5 * rate_horizontal!D$2 -> 5.4723594 | E5: =migration!$B5 * rate_horizontal!E$2 -> 4.9626823 | F5: =migration!$B5 * rate_horizontal!F$2 -> 5.0511766 | G5: =migration!$B5 * rate_horizontal!G$2 -> 5.1524055 | H5: =migration!$B5 * rate_horizontal!H$2 -> 5.3720782 | I5: =migration!$B5 * rate_horizontal!I$2 -> 5.05897 | ... CC5: =migration!$B5 * rate_horizontal!CC$2 -> 0.19106097 | CD5: 0 | CE5: 0 | CF5: 0 | CG5: 0 | CH5: 0 | CI5: 0 | CJ5: 0 | CK5: 0 | CL5: 0 | CM5: 0 | CN5: 0 | CO5: 0 | CP5: 0 | CQ5: 0 | CR5: 0 | CS5: 0 | CT5: 0 | CU5: 0 | CV5: 0 | CW5: 0 | CX5: 0
A6: 2028 | B6: =migration!$B6 * rate_horizontal!B$2 -> 4.6833486 | C6: =migration!$B6 * rate_horizontal!C$2 -> 5.7389883 | D6: =migration!$B6 * rate_horizontal!D$2 -> 5.6321174 | E6: =migration!$B6 * rate_horizontal!E$2 -> 5.107561 | F6: =migration!$B6 * rate_horizontal!F$2 -> 5.1986387 | G6: =migration!$B6 * rate_horizontal!G$2 -> 5.3028229 | H6: =migration!$B6 * rate_horizontal!H$2 -> 5.5289086 | I6: =migration!$B6 * rate_horizontal!I$2 -> 5.2066597 | ... CC6: =migration!$B6 * rate_horizontal!CC$2 -> 0.19663873 | CD6: 0 | CE6: 0 | CF6: 0 | CG6: 0 | CH6: 0 | CI6: 0 | CJ6: 0 | CK6: 0 | CL6: 0 | CM6: 0 | CN6: 0 | CO6: 0 | CP6: 0 | CQ6: 0 | CR6: 0 | CS6: 0 | CT6: 0 | CU6: 0 | CV6: 0 | CW6: 0 | CX6: 0
A7: 2029 | B7: =migration!$B7 * rate_horizontal!B$2 -> 4.6609139 | C7: =migration!$B7 * rate_horizontal!C$2 -> 5.7114967 | D7: =migration!$B7 * rate_horizontal!D$2 -> 5.6051377 | E7: =migration!$B7 * rate_horizontal!E$2 -> 5.0830941 | F7: =migration!$B7 * rate_horizontal!F$2 -> 5.1737356 | G7: =migration!$B7 * rate_horizontal!G$2 -> 5.2774207 | H7: =migration!$B7 * rate_horizontal!H$2 -> 5.5024234 | I7: =migration!$B7 * rate_horizontal!I$2 -> 5.1817181 | ... CC7: =migration!$B7 * rate_horizontal!CC$2 -> 0.19569677 | CD7: 0 | CE7: 0 | CF7: 0 | CG7: 0 | CH7: 0 | CI7: 0 | CJ7: 0 | CK7: 0 | CL7: 0 | CM7: 0 | CN7: 0 | CO7: 0 | CP7: 0 | CQ7: 0 | CR7: 0 | CS7: 0 | CT7: 0 | CU7: 0 | CV7: 0 | CW7: 0 | CX7: 0
A8: 2030 | B8: =migration!$B8 * rate_horizontal!B$2 -> 4.5965628 | C8: =migration!$B8 * rate_horizontal!C$2 -> 5.6326406 | D8: =migration!$B8 * rate_horizontal!D$2 -> 5.5277501 | E8: =migration!$B8 * rate_horizontal!E$2 -> 5.0129141 | F8: =migration!$B8 * rate_horizontal!F$2 -> 5.1023042 | G8: =migration!$B8 * rate_horizontal!G$2 -> 5.2045577 | H8: =migration!$B8 * rate_horizontal!H$2 -> 5.4264539 | I8: =migration!$B8 * rate_horizontal!I$2 -> 5.1101765 | ... CC8: =migration!$B8 * rate_horizontal!CC$2 -> 0.19299487 | CD8: 0 | CE8: 0 | CF8: 0 | CG8: 0 | CH8: 0 | CI8: 0 | CJ8: 0 | CK8: 0 | CL8: 0 | CM8: 0 | CN8: 0 | CO8: 0 | CP8: 0 | CQ8: 0 | CR8: 0 | CS8: 0 | CT8: 0 | CU8: 0 | CV8: 0 | CW8: 0 | CX8: 0
A9: 2031 | B9: =migration!$B9 * rate_horizontal!B$2 -> 4.2335537 | C9: =migration!$B9 * rate_horizontal!C$2 -> 5.1878083 | D9: =migration!$B9 * rate_horizontal!D$2 -> 5.0912015 | E9: =migration!$B9 * rate_horizontal!E$2 -> 4.6170241 | F9: =migration!$B9 * rate_horizontal!F$2 -> 4.6993547 | G9: =migration!$B9 * rate_horizontal!G$2 -> 4.7935329 | H9: =migration!$B9 * rate_horizontal!H$2 -> 4.997905 | I9: =migration!$B9 * rate_horizontal!I$2 -> 4.7066053 | ... CC9: =migration!$B9 * rate_horizontal!CC$2 -> 0.17775329 | CD9: 0 | CE9: 0 | CF9: 0 | CG9: 0 | CH9: 0 | CI9: 0 | CJ9: 0 | CK9: 0 | CL9: 0 | CM9: 0 | CN9: 0 | CO9: 0 | CP9: 0 | CQ9: 0 | CR9: 0 | CS9: 0 | CT9: 0 | CU9: 0 | CV9: 0 | CW9: 0 | CX9: 0
A10: 2032 | B10: =migration!$B10 * rate_horizontal!B$2 -> 4.6039004 | C10: =migration!$B10 * rate_horizontal!C$2 -> 5.6416322 | D10: =migration!$B10 * rate_horizontal!D$2 -> 5.5365742 | E10: =migration!$B10 * rate_horizontal!E$2 -> 5.0209164 | F10: =migration!$B10 * rate_horizontal!F$2 -> 5.1104491 | G10: =migration!$B10 * rate_horizontal!G$2 -> 5.2128659 | H10: =migration!$B10 * rate_horizontal!H$2 -> 5.4351163 | I10: =migration!$B10 * rate_horizontal!I$2 -> 5.118334 | ... CC10: =migration!$B10 * rate_horizontal!CC$2 -> 0.19330295 | CD10: 0 | CE10: 0 | CF10: 0 | CG10: 0 | CH10: 0 | CI10: 0 | CJ10: 0 | CK10: 0 | CL10: 0 | CM10: 0 | CN10: 0 | CO10: 0 | CP10: 0 | CQ10: 0 | CR10: 0 | CS10: 0 | CT10: 0 | CU10: 0 | CV10: 0 | CW10: 0 | CX10: 0
A11: 2033 | B11: =migration!$B11 * rate_horizontal!B$2 -> 4.6945585 | C11: =migration!$B11 * rate_horizontal!C$2 -> 5.7527248 | D11: =migration!$B11 * rate_horizontal!D$2 -> 5.6455982 | E11: =migration!$B11 * rate_horizontal!E$2 -> 5.1197862 | F11: =migration!$B11 * rate_horizontal!F$2 -> 5.211082 | G11: =migration!$B11 * rate_horizontal!G$2 -> 5.3155155 | H11: =migration!$B11 * rate_horizontal!H$2 -> 5.5421424 | I11: =migration!$B11 * rate_horizontal!I$2 -> 5.2191221 | ... CC11: =migration!$B11 * rate_horizontal!CC$2 -> 0.19710939 | CD11: 0 | CE11: 0 | CF11: 0 | CG11: 0 | CH11: 0 | CI11: 0 | CJ11: 0 | CK11: 0 | CL11: 0 | CM11: 0 | CN11: 0 | CO11: 0 | CP11: 0 | CQ11: 0 | CR11: 0 | CS11: 0 | CT11: 0 | CU11: 0 | CV11: 0 | CW11: 0 | CX11: 0
A12: 2034 | B12: =migration!$B12 * rate_horizontal!B$2 -> 4.7173247 | C12: =migration!$B12 * rate_horizontal!C$2 -> 5.7806226 | D12: =migration!$B12 * rate_horizontal!D$2 -> 5.6729764 | E12: =migration!$B12 * rate_horizontal!E$2 -> 5.1446145 | F12: =migration!$B12 * rate_horizontal!F$2 -> 5.2363531 | G12: =migration!$B12 * rate_horizontal!G$2 -> 5.3412931 | H12: =migration!$B12 * rate_horizontal!H$2 -> 5.5690189 | I12: =migration!$B12 * rate_horizontal!I$2 -> 5.2444322 | ... CC12: =migration!$B12 * rate_horizontal!CC$2 -> 0.19806528 | CD12: 0 | CE12: 0 | CF12: 0 | CG12: 0 | CH12: 0 | CI12: 0 | CJ12: 0 | CK12: 0 | CL12: 0 | CM12: 0 | CN12: 0 | CO12: 0 | CP12: 0 | CQ12: 0 | CR12: 0 | CS12: 0 | CT12: 0 | CU12: 0 | CV12: 0 | CW12: 0 | CX12: 0
A13: 2035 | B13: =migration!$B13 * rate_horizontal!B$2 -> 4.7604615 | C13: =migration!$B13 * rate_horizontal!C$2 -> 5.8334826 | D13: =migration!$B13 * rate_horizontal!D$2 -> 5.724852 | E13: =migration!$B13 * rate_horizontal!E$2 -> 5.1916586 | F13: =migration!$B13 * rate_horizontal!F$2 -> 5.284236 | G13: =migration!$B13 * rate_horizontal!G$2 -> 5.3901356 | H13: =migration!$B13 * rate_horizontal!H$2 -> 5.6199439 | I13: =migration!$B13 * rate_horizontal!I$2 -> 5.292389 | ... CC13: =migration!$B13 * rate_horizontal!CC$2 -> 0.19987645 | CD13: 0 | CE13: 0 | CF13: 0 | CG13: 0 | CH13: 0 | CI13: 0 | CJ13: 0 | CK13: 0 | CL13: 0 | CM13: 0 | CN13: 0 | CO13: 0 | CP13: 0 | CQ13: 0 | CR13: 0 | CS13: 0 | CT13: 0 | CU13: 0 | CV13: 0 | CW13: 0 | CX13: 0
... A78: 2100 | B78: =migration!$B78 * rate_horizontal!B$2 -> 4.1217114 | C78: =migration!$B78 * rate_horizontal!C$2 -> 5.0507565 | D78: =migration!$B78 * rate_horizontal!D$2 -> 4.9567018 | E78: =migration!$B78 * rate_horizontal!E$2 -> 4.4950513 | F78: =migration!$B78 * rate_horizontal!F$2 -> 4.5752068 | G78: =migration!$B78 * rate_horizontal!G$2 -> 4.666897 | H78: =migration!$B78 * rate_horizontal!H$2 -> 4.86587 | I78: =migration!$B78 * rate_horizontal!I$2 -> 4.5822659 | ... CC78: =migration!$B78 * rate_horizontal!CC$2 -> 0.17305739 | CD78: 0 | CE78: 0 | CF78: 0 | CG78: 0 | CH78: 0 | CI78: 0 | CJ78: 0 | CK78: 0 | CL78: 0 | CM78: 0 | CN78: 0 | CO78: 0 | CP78: 0 | CQ78: 0 | CR78: 0 | CS78: 0 | CT78: 0 | CU78: 0 | CV78: 0 | CW78: 0 | CX78: 0
