Workbook

Sheet nominal
A1: Год | B1: ВНОК | C1: ВВП | D1: Занятых | E1: y-y CPI | F1: wage | G1: cumul CPI
A2: 1999 | B2: 1.3617162 | C2: 4.8232335 | D2: 72.791 | E2: 136.53 | F2: 1571.8181 | G2: =G3/(E3/100) -> 0.10217445
A3: 2000 | B3: 2.6416277 | C3: 7.3056463 | D3: 72.332 | E3: 120.18 | F3: 2246.6069 | G3: =G4/(E4/100) -> 0.12279326
A4: 2001 | B4: 2.9091523 | C4: 8.9435824 | D4: 71.411 | E4: 118.58 | F4: 3274.1303 | G4: =G5/(E5/100) -> 0.14560825
A5: 2002 | B5: 3.1285556 | C5: 10.830535 | D5: 72.421 | E5: 115.06 | F5: 4408.8039 | G5: =G6/(E6/100) -> 0.16753685
A6: 2003 | B6: 3.7361146 | C6: 13.208234 | D6: 72.835 | E6: 111.99 | F6: 5505.0906 | G6: =G7/(E7/100) -> 0.18762452
A7: 2004 | B7: 5.1614451 | C7: 17.027191 | D7: 72.909 | E7: 111.73 | F7: 6826.352 | G7: =G8/(E8/100) -> 0.20963287
A8: 2005 | B8: 6.6030039 | C8: 21.609766 | D8: 73.811 | E8: 110.92 | F8: 8542.366 | G8: =G9/(E9/100) -> 0.23252478
A9: 2006 | B9: 8.2699869 | C9: 26.917201 | D9: 74.156 | E9: 109 | F9: 10717.338 | G9: =G10/(E10/100) -> 0.25345201
A10: 2007 | B10: 10.406987 | C10: 33.247513 | D10: 75.06 | E10: 111.87 | F10: 13499.219 | G10: =G11/(E11/100) -> 0.28353676
A11: 2008 | B11: 12.452186 | C11: 41.276849 | D11: 75.892 | E11: 113.28 | F11: 17184.974 | G11: =G12/(E12/100) -> 0.32119045
A12: 2009 | B12: 8.187536 | C12: 38.807219 | D12: 75.658 | E12: 108.8 | F12: 18793.287 | G12: =G13/(E13/100) -> 0.34945521
A13: 2010 | B13: 12.206108 | C13: 46.308541 | D13: 75.44 | E13: 108.78 | F13: 21157.203 | G13: =G14/(E14/100) -> 0.38013737
... A26: 2023 | B26: 54.729773 | C26: 176.41359 | D26: 76.036703 | E26: 107.42 | F26: 74854 | G26: =G27/(E27/100) -> 0.91307524
A27: 2024 | B27: 61.607611 | C27: 201.15209 | D27: 76.104662 | E27: 109.52 | F27: 87952 | G27: 1

Sheet real
A1: Год | B1: ВНОК | C1: ВВП | D1: Занятых
A2: 1999 | B2: =nominal!B2/nominal!$G2 -> 13.327365 | C2: =nominal!C2/nominal!$G2 -> 47.205865 | D2: =nominal!D2 -> 72.791
A3: 2000 | B3: =nominal!B3/nominal!$G3 -> 21.512807 | C3: =nominal!C3/nominal!$G3 -> 59.4955 | D3: =nominal!D3 -> 72.332
A4: 2001 | B4: =nominal!B4/nominal!$G4 -> 19.97931 | C4: =nominal!C4/nominal!$G4 -> 61.422225 | D4: =nominal!D4 -> 71.411
A5: 2002 | B5: =nominal!B5/nominal!$G5 -> 18.673836 | C5: =nominal!C5/nominal!$G5 -> 64.64569 | D5: =nominal!D5 -> 72.421
A6: 2003 | B6: =nominal!B6/nominal!$G6 -> 19.912721 | C6: =nominal!C6/nominal!$G6 -> 70.397164 | D6: =nominal!D6 -> 72.835
A7: 2004 | B7: =nominal!B7/nominal!$G7 -> 24.621354 | C7: =nominal!C7/nominal!$G7 -> 81.22386 | D7: =nominal!D7 -> 72.909
A8: 2005 | B8: =nominal!B8/nominal!$G8 -> 28.39699 | C8: =nominal!C8/nominal!$G8 -> 92.935323 | D8: =nominal!D8 -> 73.811
A9: 2006 | B9: =nominal!B9/nominal!$G9 -> 32.629399 | C9: =nominal!C9/nominal!$G9 -> 106.20236 | D9: =nominal!D9 -> 74.156
A10: 2007 | B10: =nominal!B10/nominal!$G10 -> 36.704189 | C10: =nominal!C10/nominal!$G10 -> 117.25997 | D10: =nominal!D10 -> 75.06
A11: 2008 | B11: =nominal!B11/nominal!$G11 -> 38.768856 | C11: =nominal!C11/nominal!$G11 -> 128.51207 | D11: =nominal!D11 -> 75.892
A12: 2009 | B12: =nominal!B12/nominal!$G12 -> 23.429429 | C12: =nominal!C12/nominal!$G12 -> 111.05062 | D12: =nominal!D12 -> 75.658
A13: 2010 | B13: =nominal!B13/nominal!$G13 -> 32.109728 | C13: =nominal!C13/nominal!$G13 -> 121.82054 | D13: =nominal!D13 -> 75.44
... A27: 2024 | B27: =nominal!B27/nominal!$G27 -> 61.607611 | C27: =nominal!C27/nominal!$G27 -> 201.15209 | D27: =nominal!D27 -> 76.104662

Sheet wage
A1: wage
A2: =nominal!F2/nominal!$G2 -> 15383.67
A3: =nominal!F3/nominal!$G3 -> 18295.849
A4: =nominal!F4/nominal!$G4 -> 22485.885
A5: =nominal!F5/nominal!$G5 -> 26315.428
A6: =nominal!F6/nominal!$G6 -> 29340.998
A7: =nominal!F7/nominal!$G7 -> 32563.367
A8: =nominal!F8/nominal!$G8 -> 36737.443
A9: =nominal!F9/nominal!$G9 -> 42285.472
A10: =nominal!F10/nominal!$G10 -> 47610.119
A11: =nominal!F11/nominal!$G11 -> 53504
A12: =nominal!F12/nominal!$G12 -> 53778.815
A13: =nominal!F13/nominal!$G13 -> 55656.729
... A27: =nominal!F27/nominal!$G27 -> 87952
